{
	"credit": "Made with Blockbench",
	"texture_size": [32, 32],
	"textures": {
		"0": "block/iron_block",
		"1": "item/nyte_twait",
		"particle": "block/iron_block"
	},
	"elements": [
		{
			"name": "base",
			"from": [3, 0, 3],
			"to": [13, 1, 13],
			"faces": {
				"north": {"uv": [0, 0, 16, 1], "texture": "#0"},
				"east": {"uv": [0, 0, 1, 16], "rotation": 90, "texture": "#0"},
				"south": {"uv": [16, 16, 0, 15], "texture": "#0"},
				"west": {"uv": [15, 0, 16, 16], "rotation": 270, "texture": "#0"},
				"up": {"uv": [16, 0, 0, 16], "texture": "#0"},
				"down": {"uv": [16, 16, 0, 0], "texture": "#0"}
			}
		},
		{
			"name": "Head",
			"from": [5, 13, 5],
			"to": [11, 19, 11],
			"faces": {
				"north": {"uv": [2, 2, 4, 4], "texture": "#1"},
				"east": {"uv": [0, 2, 2, 4], "texture": "#1"},
				"south": {"uv": [6, 2, 8, 4], "texture": "#1"},
				"west": {"uv": [4, 2, 6, 4], "texture": "#1"},
				"up": {"uv": [4, 2, 2, 0], "texture": "#1"},
				"down": {"uv": [6, 0, 4, 2], "texture": "#1"}
			}
		},
		{
			"name": "Head Layer",
			"from": [5, 13, 5],
			"to": [11, 19, 11],
			"faces": {
				"north": {"uv": [10, 2, 12, 4], "texture": "#1"},
				"east": {"uv": [8, 2, 10, 4], "texture": "#1"},
				"south": {"uv": [14, 2, 16, 4], "texture": "#1"},
				"west": {"uv": [12, 2, 14, 4], "texture": "#1"},
				"up": {"uv": [12, 2, 10, 0], "texture": "#1"},
				"down": {"uv": [14, 0, 12, 2], "texture": "#1"}
			}
		},
		{
			"name": "Body",
			"from": [6, 7, 7],
			"to": [10, 13, 9],
			"faces": {
				"north": {"uv": [5, 5, 7, 8], "texture": "#1"},
				"east": {"uv": [4, 5, 5, 8], "texture": "#1"},
				"south": {"uv": [8, 5, 10, 8], "texture": "#1"},
				"west": {"uv": [7, 5, 8, 8], "texture": "#1"},
				"up": {"uv": [7, 5, 5, 4], "texture": "#1"},
				"down": {"uv": [9, 4, 7, 5], "texture": "#1"}
			}
		},
		{
			"name": "Body Layer",
			"from": [6, 7, 7],
			"to": [10, 13, 9],
			"faces": {
				"north": {"uv": [5, 9, 7, 12], "texture": "#1"},
				"east": {"uv": [4, 9, 5, 12], "texture": "#1"},
				"south": {"uv": [8, 9, 10, 12], "texture": "#1"},
				"west": {"uv": [7, 9, 8, 12], "texture": "#1"},
				"up": {"uv": [7, 9, 5, 8], "texture": "#1"},
				"down": {"uv": [9, 8, 7, 9], "texture": "#1"}
			}
		},
		{
			"name": "Right Arm",
			"from": [10, 7, 7],
			"to": [12, 13, 9],
			"faces": {
				"north": {"uv": [11, 5, 12, 8], "texture": "#1"},
				"east": {"uv": [10, 5, 11, 8], "texture": "#1"},
				"south": {"uv": [13, 5, 14, 8], "texture": "#1"},
				"west": {"uv": [12, 5, 13, 8], "texture": "#1"},
				"up": {"uv": [12, 5, 11, 4], "texture": "#1"},
				"down": {"uv": [13, 4, 12, 5], "texture": "#1"}
			}
		},
		{
			"name": "Right Arm Layer",
			"from": [10, 7, 7],
			"to": [12, 13, 9],
			"faces": {
				"north": {"uv": [11, 9, 12, 12], "texture": "#1"},
				"east": {"uv": [10, 9, 11, 12], "texture": "#1"},
				"south": {"uv": [13, 9, 14, 12], "texture": "#1"},
				"west": {"uv": [12, 9, 13, 12], "texture": "#1"},
				"up": {"uv": [12, 9, 11, 8], "texture": "#1"},
				"down": {"uv": [13, 8, 12, 9], "texture": "#1"}
			}
		},
		{
			"name": "Left Arm",
			"from": [4, 7, 7],
			"to": [6, 13, 9],
			"faces": {
				"north": {"uv": [9, 13, 10, 16], "texture": "#1"},
				"east": {"uv": [8, 13, 9, 16], "texture": "#1"},
				"south": {"uv": [11, 13, 12, 16], "texture": "#1"},
				"west": {"uv": [10, 13, 11, 16], "texture": "#1"},
				"up": {"uv": [10, 13, 9, 12], "texture": "#1"},
				"down": {"uv": [11, 12, 10, 13], "texture": "#1"}
			}
		},
		{
			"name": "Left Arm Layer",
			"from": [4, 7, 7],
			"to": [6, 13, 9],
			"faces": {
				"north": {"uv": [13, 13, 14, 16], "texture": "#1"},
				"east": {"uv": [12, 13, 13, 16], "texture": "#1"},
				"south": {"uv": [15, 13, 16, 16], "texture": "#1"},
				"west": {"uv": [14, 13, 15, 16], "texture": "#1"},
				"up": {"uv": [14, 13, 13, 12], "texture": "#1"},
				"down": {"uv": [15, 12, 14, 13], "texture": "#1"}
			}
		},
		{
			"name": "Right Leg",
			"from": [7.9, 1, 7],
			"to": [9.9, 7, 9],
			"faces": {
				"north": {"uv": [1, 5, 2, 8], "texture": "#1"},
				"east": {"uv": [0, 5, 1, 8], "texture": "#1"},
				"south": {"uv": [3, 5, 4, 8], "texture": "#1"},
				"west": {"uv": [2, 5, 3, 8], "texture": "#1"},
				"up": {"uv": [2, 5, 1, 4], "texture": "#1"},
				"down": {"uv": [3, 4, 2, 5], "texture": "#1"}
			}
		},
		{
			"name": "Right Leg Layer",
			"from": [7.9, 1, 7],
			"to": [9.9, 7, 9],
			"faces": {
				"north": {"uv": [1, 9, 2, 12], "texture": "#1"},
				"east": {"uv": [0, 9, 1, 12], "texture": "#1"},
				"south": {"uv": [3, 9, 4, 12], "texture": "#1"},
				"west": {"uv": [2, 9, 3, 12], "texture": "#1"},
				"up": {"uv": [2, 9, 1, 8], "texture": "#1"},
				"down": {"uv": [3, 8, 2, 9], "texture": "#1"}
			}
		},
		{
			"name": "Left Leg",
			"from": [6.1, 1, 7],
			"to": [8.1, 7, 9],
			"faces": {
				"north": {"uv": [5, 13, 6, 16], "texture": "#1"},
				"east": {"uv": [4, 13, 5, 16], "texture": "#1"},
				"south": {"uv": [7, 13, 8, 16], "texture": "#1"},
				"west": {"uv": [6, 13, 7, 16], "texture": "#1"},
				"up": {"uv": [6, 13, 5, 12], "texture": "#1"},
				"down": {"uv": [7, 12, 6, 13], "texture": "#1"}
			}
		},
		{
			"name": "Left Leg Layer",
			"from": [6.1, 1, 7],
			"to": [8.1, 7, 9],
			"faces": {
				"north": {"uv": [1, 13, 2, 16], "texture": "#1"},
				"east": {"uv": [0, 13, 1, 16], "texture": "#1"},
				"south": {"uv": [3, 13, 4, 16], "texture": "#1"},
				"west": {"uv": [2, 13, 3, 16], "texture": "#1"},
				"up": {"uv": [2, 13, 1, 12], "texture": "#1"},
				"down": {"uv": [3, 12, 2, 13], "texture": "#1"}
			}
		}
	],
	"display": {
		"thirdperson_righthand": {
			"rotation": [0, 145, 0],
			"translation": [0, 3, 1],
			"scale": [0.55, 0.55, 0.55]
		},
		"thirdperson_lefthand": {
			"rotation": [0, 145, 0],
			"translation": [0, 3, 1],
			"scale": [0.55, 0.55, 0.55]
		},
		"firstperson_righthand": {
			"rotation": [0, 100, 0],
			"translation": [1.13, 3.2, 1.13],
			"scale": [0.68, 0.68, 0.68]
		},
		"firstperson_lefthand": {
			"rotation": [0, 100, 0],
			"translation": [1.13, 3.2, 1.13],
			"scale": [0.68, 0.68, 0.68]
		},
		"ground": {
			"translation": [0, 2, 0],
			"scale": [0.5, 0.5, 0.5]
		},
		"gui": {
			"rotation": [30, 225, 0],
			"scale": [0.625, 0.625, 0.625]
		},
		"head": {
			"translation": [0, 12, 0],
			"scale": [0.7, 0.7, 0.7]
		},
		"fixed": {
			"rotation": [-90, 0, 0],
			"translation": [0, 0, -8]
		}
	},
	"groups": [
		0,
		{
			"name": "statue",
			"origin": [8, 8, 8],
			"color": 0,
			"children": [
				{
					"name": "Head",
					"origin": [0, 24, 0],
					"rotation": [6, -5, 0],
					"color": 0,
					"children": [1, 2]
				},
				{
					"name": "Body",
					"origin": [0, 24, 0],
					"color": 0,
					"children": [3, 4]
				},
				{
					"name": "Right Arm",
					"origin": [5, 22, 0],
					"rotation": [10, 0, 0],
					"color": 0,
					"children": [5, 6]
				},
				{
					"name": "Left Arm",
					"origin": [-5, 22, 0],
					"rotation": [-12, 0, 0],
					"color": 0,
					"children": [7, 8]
				},
				{
					"name": "Right Leg",
					"origin": [1.9, 12, 0],
					"rotation": [-11, 0, 2],
					"color": 0,
					"children": [9, 10]
				},
				{
					"name": "Left Leg",
					"origin": [-1.9, 12, 0],
					"rotation": [10, 0, -2],
					"color": 0,
					"children": [11, 12]
				}
			]
		}
	]
}