{
  "overrides": [
    {
      "predicate": {
        "name": "\u2605Player Statues\u2605"
      },
      "model": "item/player"
    },
	{
      "predicate": {
        "name": "Template Statue \u26051"
      },
      "model": "item/template"
    },
	{
      "predicate": {
        "name": "Aankhara Statue \u26051"
      },
      "model": "item/aankhara"
    },
	{
      "predicate": {
        "name": "AccursedBinkie Statue \u26051"
      },
      "model": "item/accursedbinkie"
    },
	{
      "predicate": {
        "name": "Aedan_Flynn Statue \u26052"
      },
      "model": "item/aedan_flynn"
    },
	{
      "predicate": {
        "name": "Annovellius Statue \u26052"
      },
      "model": "item/annovellius"
    },
	{
      "predicate": {
        "name": "Ashleycloud Statue \u26053"
      },
      "model": "item/ashleycloud"
    },
	{
      "predicate": {
        "name": "AvidYt Statue \u26052"
      },
      "model": "item/avidyt"
    },
	{
      "predicate": {
        "name": "Bellanne Statue \u26052"
      },
      "model": "item/bellanne"
    },
	{
      "predicate": {
        "name": "CallunaBytes Statue \u26051"
      },
      "model": "item/callunabytes"
    },
	{
      "predicate": {
        "name": "DJChaos42 Statue \u26050"
      },
      "model": "item/djchaos42"
    },
	{
      "predicate": {
        "name": "Ember_Vixa Statue \u26052"
      },
      "model": "item/ember_vixa"
    },
	{
      "predicate": {
        "name": "Featherstone777 Statue \u26053"
      },
      "model": "item/featherstone777"
    },
	{
      "predicate": {
        "name": "FireWolf256 Statue \u26053"
      },
      "model": "item/firewolf256"
    },
	{
      "predicate": {
        "name": "FobBob Statue \u26051"
      },
      "model": "item/fobbob"
    },
	{
      "predicate": {
        "name": "garethb Statue \u26052"
      },
      "model": "item/garethb"
    },
	{
      "predicate": {
        "name": "GeminiTay Statue \u26054"
      },
      "model": "item/geminitay"
    },
	{
      "predicate": {
        "name": "Glaive_ Statue \u26053"
      },
      "model": "item/glaive_"
    },
	{
      "predicate": {
        "name": "Gooman24 Statue \u26053"
      },
      "model": "item/gooman24"
    },
	{
      "predicate": {
        "name": "Hallsworth_ Statue \u26052"
      },
      "model": "item/hallsworth_"
    },
	{
      "predicate": {
        "name": "impulseSV Statue \u26054"
      },
      "model": "item/impulsesv"
    },
	{
      "predicate": {
        "name": "IXTHREE Statue \u26051"
      },
      "model": "item/ixthree"
    },
	{
      "predicate": {
        "name": "Jademelodyca Statue \u26053"
      },
      "model": "item/jademelodyca"
    },
	{
      "predicate": {
        "name": "JujiWasTaken Statue \u26053"
      },
      "model": "item/jujiwastaken"
    },
	{
      "predicate": {
        "name": "KatieTwinkle Statue \u26051"
      },
      "model": "item/katietwinkle"
    },
	{
      "predicate": {
        "name": "LegionSciFi Statue \u26053"
      },
      "model": "item/legionscifi"
    },
	{
      "predicate": {
        "name": "Lucianl869 Statue \u26051"
      },
      "model": "item/lucianl869"
    },
	{
      "predicate": {
        "name": "LykunGG Statue \u26051"
      },
      "model": "item/slim/lykungg"
    },
	{
      "predicate": {
        "name": "MaccaroniCheese Statue \u26053"
      },
      "model": "item/slim/maccaronicheese"
    },
	{
      "predicate": {
        "name": "MagpieTear Statue \u26053"
      },
      "model": "item/magpietear"
    },
	{
      "predicate": {
        "name": "makeshiftdragon Statue \u26053"
      },
      "model": "item/makeshiftdragon"
    },
	{
      "predicate": {
        "name": "MalefiKat Statue \u26051"
      },
      "model": "item/malefikat"
    },
	{
      "predicate": {
        "name": "Mathmic Statue \u26051"
      },
      "model": "item/mathmic"
    },
	{
      "predicate": {
        "name": "MindinRuin Statue \u26052"
      },
      "model": "item/mindinruin"
    },
	{
      "predicate": {
        "name": "MinhGettsit Statue \u26052"
      },
      "model": "item/minhgettsit"
    },
	{
      "predicate": {
        "name": "MrSturm Statue \u26052"
      },
      "model": "item/mrsturm"
    },
	{
      "predicate": {
        "name": "Muclix Statue \u26051"
      },
      "model": "item/muclix"
    },
	{
      "predicate": {
        "name": "Mystic_Bee Statue \u26052"
      },
      "model": "item/mystic_bee"
    },
	{
      "predicate": {
        "name": "nascargirl4 Statue \u26051"
      },
      "model": "item/nascargirl4"
    },
	{
      "predicate": {
        "name": "Nightshae Statue \u26051"
      },
      "model": "item/nightshae"
    },
	{
      "predicate": {
        "name": "NotSoRandom Statue \u26052"
      },
      "model": "item/notsorandom"
    },
	{
      "predicate": {
        "name": "Nyte_Twait Statue \u26051"
      },
      "model": "item/nyte_twait"
    },
	{
      "predicate": {
        "name": "OhhTheHuManatee Statue \u26053"
      },
      "model": "item/ohhthehumanatee"
    },
	{
      "predicate": {
        "name": "PearlescentMoon Statue \u26054"
      },
      "model": "item/pearlescentmoon"
    },
	{
      "predicate": {
        "name": "Ozphilo Statue \u26053"
      },
      "model": "item/ozphilo"
    },
	{
      "predicate": {
        "name": "PixilPrincess Statue \u26051"
      },
      "model": "item/pixilprincess"
    },
	{
      "predicate": {
        "name": "QueenHera Statue \u26051"
      },
      "model": "item/queenhera"
    },
	{
      "predicate": {
        "name": "RaeRayKC Statue \u26051"
      },
      "model": "item/raeraykc"
    },
	{
      "predicate": {
        "name": "razzlemcfrazzle Statue \u26052"
      },
      "model": "item/razzlemcfrazzle"
    },
	{
      "predicate": {
        "name": "RillSoji Statue \u26053"
      },
      "model": "item/rillsoji"
    },
	{
      "predicate": {
        "name": "RiverKent Statue \u26051"
      },
      "model": "item/riverkent"
    },
	{
      "predicate": {
        "name": "RoyalRenegade Statue \u26051"
      },
      "model": "item/royalrenegade"
    },
	{
      "predicate": {
        "name": "SadieLike Statue \u26051"
      },
      "model": "item/slim/sadielike"
    },
	{
      "predicate": {
        "name": "SammyTerry241 Statue \u26052"
      },
      "model": "item/sammyterry241"
    },
	{
      "predicate": {
        "name": "Siral_Star Statue \u26051"
      },
      "model": "item/siral_star"
    },
	{
      "predicate": {
        "name": "Skizzleman Statue \u26054"
      },
      "model": "item/skizzleman"
    },
	{
      "predicate": {
        "name": "Southyman Statue \u26052"
      },
      "model": "item/southyman"
    },
	{
      "predicate": {
        "name": "Squeeks_Twait Statue \u26051"
      },
      "model": "item/squeeks_twait"
    },
	{
      "predicate": {
        "name": "Tango Statue \u26054"
      },
      "model": "item/tango"
    },
	{
      "predicate": {
        "name": "TheCarolinaAsh Statue \u26051"
      },
      "model": "item/thecarolinaash"
    },
	{
      "predicate": {
        "name": "TheGingerHawk Statue \u26051"
      },
      "model": "item/thegingerhawk"
    },
	{
      "predicate": {
        "name": "thelilredpanda Statue \u26051"
      },
      "model": "item/thelilredpanda"
    },
	{
      "predicate": {
        "name": "TiltControlsABK Statue \u26052"
      },
      "model": "item/tiltcontrolsabk"
    },
	{
      "predicate": {
        "name": "Tuner86 Statue \u26052"
      },
      "model": "item/tuner86"
    },
	{
      "predicate": {
        "name": "VisualFan327 Statue \u26051"
      },
      "model": "item/visualfan327"
    },
	{
      "predicate": {
        "name": "VonWolfiestein Statue \u26051"
      },
      "model": "item/vonwolfiestein"
    },
	{
      "predicate": {
        "name": "Wandering922 Statue \u26052"
      },
      "model": "item/wandering922"
    },
	{
      "predicate": {
        "name": "XxBustyxX Statue \u26051"
      },
      "model": "item/xxbustyxx"
    }
  ]
}
